<?xml version="1.0" encoding="UTF-8" ?>
<!DOCTYPE mapper PUBLIC "-//mybatis.org//DTD Mapper 3.0//EN" "http://mybatis.org/dtd/mybatis-3-mapper.dtd" >
<mapper namespace="rml.dao.MUserMapper" >
  <resultMap id="BaseResultMap" type="rml.model.MUser" >
    <id column="ID" property="id" jdbcType="VARCHAR" />
    <result column="NAME" property="name" jdbcType="VARCHAR" />
    <result column="AGE" property="age" jdbcType="DECIMAL" />
    <result column="ADDRESS" property="address" jdbcType="VARCHAR" />
  </resultMap>
  <sql id="Base_Column_List" >
    ID, NAME, AGE, ADDRESS
  </sql>
  <select id="selectByPrimaryKey" resultMap="BaseResultMap" parameterType="java.lang.String" >
    select 
    <include refid="Base_Column_List" />
    from MUSER
    where ID = #{id,jdbcType=VARCHAR}
  </select>
  <delete id="deleteByPrimaryKey" parameterType="java.lang.String" >
    delete from MUSER
    where ID = #{id,jdbcType=VARCHAR}
  </delete>
  <insert id="insert" parameterType="rml.model.MUser" >
    insert into MUSER (ID, NAME, AGE, 
      ADDRESS)
    values (#{id,jdbcType=VARCHAR}, #{name,jdbcType=VARCHAR}, #{age,jdbcType=DECIMAL}, 
      #{address,jdbcType=VARCHAR})
  </insert>
  <insert id="insertSelective" parameterType="rml.model.MUser" >
    insert into MUSER
    <trim prefix="(" suffix=")" suffixOverrides="," >
      <if test="id != null" >
        ID,
      </if>
      <if test="name != null" >
        NAME,
      </if>
      <if test="age != null" >
        AGE,
      </if>
      <if test="address != null" >
        ADDRESS,
      </if>
    </trim>
    <trim prefix="values (" suffix=")" suffixOverrides="," >
      <if test="id != null" >
        #{id,jdbcType=VARCHAR},
      </if>
      <if test="name != null" >
        #{name,jdbcType=VARCHAR},
      </if>
      <if test="age != null" >
        #{age,jdbcType=DECIMAL},
      </if>
      <if test="address != null" >
        #{address,jdbcType=VARCHAR},
      </if>
    </trim>
  </insert>
  <update id="updateByPrimaryKeySelective" parameterType="rml.model.MUser" >
    update MUSER
    <set >
      <if test="name != null" >
        NAME = #{name,jdbcType=VARCHAR},
      </if>
      <if test="age != null" >
        AGE = #{age,jdbcType=DECIMAL},
      </if>
      <if test="address != null" >
        ADDRESS = #{address,jdbcType=VARCHAR},
      </if>
    </set>
    where ID = #{id,jdbcType=VARCHAR}
  </update>
  <update id="updateByPrimaryKey" parameterType="rml.model.MUser" >
    update MUSER
    set NAME = #{name,jdbcType=VARCHAR},
      AGE = #{age,jdbcType=DECIMAL},
      ADDRESS = #{address,jdbcType=VARCHAR}
    where ID = #{id,jdbcType=VARCHAR}
  </update>
  
  <select id="getAll" resultMap="BaseResultMap">
	select ID, NAME, AGE, ADDRESS from muser
  </select>
</mapper>