<?xml version="1.0" encoding="UTF-8"?>
<!--
  #%L
  Native ARchive plugin for Maven
  %%
  Copyright (C) 2002 - 2014 NAR Maven Plugin developers.
  %%
  Licensed under the Apache License, Version 2.0 (the "License");
  you may not use this file except in compliance with the License.
  You may obtain a copy of the License at
  
       http://www.apache.org/licenses/LICENSE-2.0
  
  Unless required by applicable law or agreed to in writing, software
  distributed under the License is distributed on an "AS IS" BASIS,
  WITHOUT WARRANTIES OR CONDITIONS OF ANY KIND, either express or implied.
  See the License for the specific language governing permissions and
  limitations under the License.
  #L%
  -->
<component-set>
	<components>
		<component>
			<role>org.apache.maven.lifecycle.mapping.LifecycleMapping</role>
			<role-hint>nar</role-hint>
			<implementation>org.apache.maven.lifecycle.mapping.DefaultLifecycleMapping
			</implementation>
			<configuration>
				<phases>
					<validate>
						com.github.maven-nar:nar-maven-plugin:nar-validate
					</validate>
					<initialize>
						com.github.maven-nar:nar-maven-plugin:nar-download
					</initialize>
					<generate-sources>
						com.github.maven-nar:nar-maven-plugin:nar-unpack
					</generate-sources>
					<process-sources>
						com.github.maven-nar:nar-maven-plugin:nar-gnu-configure
					</process-sources>
					<generate-resources>
						com.github.maven-nar:nar-maven-plugin:nar-system-generate,
						com.github.maven-nar:nar-maven-plugin:nar-vcproj
					</generate-resources>
					<process-resources>
						org.apache.maven.plugins:maven-resources-plugin:resources,
						com.github.maven-nar:nar-maven-plugin:nar-resources,
						com.github.maven-nar:nar-maven-plugin:nar-gnu-resources
					</process-resources>
					<compile>
						org.apache.maven.plugins:maven-compiler-plugin:compile,
						com.github.maven-nar:nar-maven-plugin:nar-javah,
						com.github.maven-nar:nar-maven-plugin:nar-gnu-make,
						com.github.maven-nar:nar-maven-plugin:nar-compile
					</compile>
					<process-classes>
						com.github.maven-nar:nar-maven-plugin:nar-gnu-process,
						com.github.maven-nar:nar-maven-plugin:nar-process-libraries
					</process-classes>
					<generate-test-sources>
						com.github.maven-nar:nar-maven-plugin:nar-test-unpack
					</generate-test-sources>
					<process-test-sources></process-test-sources>
					<generate-test-resources></generate-test-resources>
					<process-test-resources>
						org.apache.maven.plugins:maven-resources-plugin:testResources
					</process-test-resources>
					<test-compile>
						org.apache.maven.plugins:maven-compiler-plugin:testCompile,
						com.github.maven-nar:nar-maven-plugin:nar-testCompile
					</test-compile>
					<process-test-classes>
						
					</process-test-classes>
					<test>
						org.apache.maven.plugins:maven-surefire-plugin:test,
						com.github.maven-nar:nar-maven-plugin:nar-test
					</test>
					<prepare-package>
						com.github.maven-nar:nar-maven-plugin:nar-prepare-package
					</prepare-package>
					<package>
						com.github.maven-nar:nar-maven-plugin:nar-package,
						org.apache.maven.plugins:maven-jar-plugin:jar
					</package>
					<pre-integration-test></pre-integration-test>
					<integration-test>
						com.github.maven-nar:nar-maven-plugin:nar-integration-test
					</integration-test>
					<post-integration-test></post-integration-test>
					<verify></verify>
					<install>
						org.apache.maven.plugins:maven-install-plugin:install
					</install>
					<deploy>
						org.apache.maven.plugins:maven-deploy-plugin:deploy
					</deploy>
				</phases>
			</configuration>
		</component>

		<!-- Do not declare the NarArtifactHandler here for role-hint nar, as we 
			really use the DefaultArtifactHandler, except for packing -->
		<component>
			<role>org.apache.maven.artifact.handler.ArtifactHandler</role>
			<!-- NAR-121 <role-hint>nar-package</role-hint> -->
			<role-hint>nar</role-hint>
			<implementation>org.apache.maven.artifact.handler.DefaultArtifactHandler
			</implementation>
			<configuration>
				<type>nar</type>
				<!-- NAR-121 <extension>jar</extension> -->
				<extension>nar</extension>
				<packaging>nar</packaging>
				<language>java</language>
				<addedToClasspath>true</addedToClasspath>
				<includesDependencies>false</includesDependencies>
				<!-- NAR-193 (#35) <classifier /> -->
			</configuration>
		</component>

		<component>
			<role>org.codehaus.plexus.archiver.Archiver</role>
			<role-hint>nar</role-hint>
			<implementation>com.github.maven_nar.NarArchiver
			</implementation>
			<instantiation-strategy>per-lookup</instantiation-strategy>
		</component>

		<component>
			<role>org.codehaus.plexus.archiver.UnArchiver</role>
			<role-hint>nar</role-hint>
			<implementation>com.github.maven_nar.NarUnArchiver
			</implementation>
			<instantiation-strategy>per-lookup</instantiation-strategy>
		</component>
	</components>
</component-set>
