<?xml version="1.0" encoding="UTF-8"?>
<!--
  #%L
  Native ARchive plugin for Maven
  %%
  Copyright (C) 2002 - 2014 NAR Maven Plugin developers.
  %%
  Licensed under the Apache License, Version 2.0 (the "License");
  you may not use this file except in compliance with the License.
  You may obtain a copy of the License at
  
       http://www.apache.org/licenses/LICENSE-2.0
  
  Unless required by applicable law or agreed to in writing, software
  distributed under the License is distributed on an "AS IS" BASIS,
  WITHOUT WARRANTIES OR CONDITIONS OF ANY KIND, either express or implied.
  See the License for the specific language governing permissions and
  limitations under the License.
  #L%
  -->
<project name="nar-maven-plugin">
  <skin>
    <groupId>org.apache.maven.skins</groupId>
    <artifactId>maven-fluido-skin</artifactId>
    <version>1.3.1</version>
  </skin>

  <custom>
    <fluidoSkin>
      <gitHub>
        <projectId>maven-nar/nar-maven-plugin</projectId>
        <ribbonOrientation>right</ribbonOrientation>
      </gitHub>
      <topBarEnabled>true</topBarEnabled>
      <topBarIcon>
        <name>NAR plugin for Maven</name>
        <alt>NAR plugin for Maven</alt>
        <src>/images/nar-banner.png</src>
        <href>/index.html</href>
      </topBarIcon>
    </fluidoSkin>
  </custom>

  <bannerLeft />
  <bannerRight />

  <body>
    <breadcrumbs>
      <item name="NAR plugin" href="https://maven-nar.github.com/" />
    </breadcrumbs>

    <menu name="Overview">
      <item name="Introduction" href="index.html"/>
      <item name="Philosophy" href="philosophy.html"/>
      <item name="Presentation (ppt)" href="NARPlugin.ppt"/>
    </menu>

    <menu name="User Info">
      <item name="Goals" href="plugin-info.html"/>
      <item name="Usage" href="usage.html"/>
      <item name="Lifecycle" href="lifecycle.html"/>
      <item name="Configuration" href="configuration.html"/>
      <item name="FAQ" href="https://github.com/maven-nar/nar-maven-plugin/wiki/Frequently_Asked_Questions"/>
      <item name="AOL Properties" href="aol.html"/>
      <item name="Examples" href="examples.html"/>
      <item name="Archetypes" href="archetypes.html"/>
      <item name="Properties" href="properties.html"/>
      <item name="Compatibility" href="compatibility.html"/>
    </menu>

    <menu name="Developer Info">
      <item name="NAR Dependencies" href="narDependencies.html"/>
      <item name="Bug Reports" href="https://github.com/maven-nar/nar-maven-plugin/issues"/>
      <item name="Forum" href="https://groups.google.com/forum/?fromgroups#!forum/maven-nar"/>
      <item name="APIDocs" href="apidocs/index.html"/>
      <item name="NAR Library" href="narLibrary.html"/>
      <item name="CPPTasks" href="cpptasks.html"/>
      <item name="Git Browse nar-plugin" href="https://github.com/maven-nar/nar-maven-plugin"/>
      <item name="Git Repository" href="source-repository.html"/>
    </menu>

    <menu ref="reports"/>
  </body>
</project>
