<component-set>
  <components>
    <component>
      <!-- This lifecycle mapping is based on the jar lifecycle mapping; differences highlighted
           below
      -->
      <role>org.apache.maven.lifecycle.mapping.LifecycleMapping</role>
      <role-hint>docker</role-hint>
      <implementation>
        org.apache.maven.lifecycle.mapping.DefaultLifecycleMapping
      </implementation>
      <configuration>
        <lifecycles>
          <lifecycle>
            <id>default</id>
            <phases>
              <process-resources>
                org.apache.maven.plugins:maven-resources-plugin:2.6:resources
              </process-resources>
              <compile>
                org.apache.maven.plugins:maven-compiler-plugin:2.5.1:compile
              </compile>
              <process-test-resources>
                org.apache.maven.plugins:maven-resources-plugin:2.6:testResources
              </process-test-resources>
              <test-compile>
                org.apache.maven.plugins:maven-compiler-plugin:2.5.1:testCompile
              </test-compile>
              <test>
                org.apache.maven.plugins:maven-surefire-plugin:2.12.4:test
              </test>
              <prepare-package>
                <!-- Moved from package to prepare-package -->
                org.apache.maven.plugins:maven-jar-plugin:2.4:jar
              </prepare-package>
              <package>
                <!-- Added -->
                com.spotify:docker-maven-plugin:build
              </package>
              <install>
                org.apache.maven.plugins:maven-install-plugin:2.4:install
              </install>
              <deploy>
                org.apache.maven.plugins:maven-deploy-plugin:2.7:deploy,
                <!-- Added -->
                com.spotify:docker-maven-plugin:push
              </deploy>
            </phases>
          </lifecycle>
        </lifecycles>
      </configuration>
    </component>
    <component>
      <role>org.apache.maven.artifact.handler.ArtifactHandler</role>
      <role-hint>docker</role-hint>
      <implementation>
        org.apache.maven.artifact.handler.DefaultArtifactHandler
      </implementation>
      <configuration>
        <type>docker</type>
        <extension>jar</extension>
        <classifier>docker</classifier>
        <language>java</language>
        <addedToClasspath>true</addedToClasspath>
      </configuration>
    </component>
    <component>
      <role>org.sonatype.plexus.components.sec.dispatcher.SecDispatcher</role>
      <role-hint>mng-4384</role-hint>
      <implementation>org.sonatype.plexus.components.sec.dispatcher.DefaultSecDispatcher</implementation>
      <requirements>
        <requirement>
          <role>org.sonatype.plexus.components.cipher.PlexusCipher</role>
          <role-hint>mng-4384</role-hint>
          <field-name>_cipher</field-name>
        </requirement>
      </requirements>
      <configuration>
        <_configuration-file>~/.m2/settings-security.xml</_configuration-file>
      </configuration>
    </component>
    <component>
      <role>org.sonatype.plexus.components.cipher.PlexusCipher</role>
      <role-hint>mng-4384</role-hint>
      <implementation>org.sonatype.plexus.components.cipher.DefaultPlexusCipher</implementation>
    </component>
  </components>
</component-set>
