<?xml version="1.0" encoding="UTF-8"?>
<project name="jasmine-maven-plugin">
  <publishDate format="dd MMM yyyy" position="left"/>
  <skin>
    <groupId>org.apache.maven.skins</groupId>
    <artifactId>maven-fluido-skin</artifactId>
    <version>1.5</version>
  </skin>
  <custom>
    <fluidoSkin>
      <leftColumnClass>span3</leftColumnClass>
      <bodyColumnClass>span9</bodyColumnClass>
      <gitHub>
        <projectId>searls/jasmine-maven-plugin</projectId>
        <ribbonOrientation>right</ribbonOrientation>
        <ribbonColor>black</ribbonColor>
      </gitHub>
      <ohloh>
        <projectId>jasmine-maven-plugin</projectId>
        <widget>thin-badge</widget>
      </ohloh>
    </fluidoSkin>
  </custom>
  <body>

   <menu name="Overview">
      <item name="Introduction" href="index.html"/>
      <item name="Goals" href="plugin-info.html"/>
      <item name="Usage" href="usage.html"/>
      <item name="Releases" href="http://github.com/searls/jasmine-maven-plugin/releases" />
   </menu>

   <menu name="Examples">
      <item name="Spec Runner Templates" href="spec-runner-templates.html" />
      <item name="AMD Support" href="amd-support.html" />
      <item name="Code Coverage" href="code-coverage.html" />
      <item name="WebDriver Customization" href="webdriver-customization.html" />
      <item name="Using with PhantomJS" href="phantomjs.html" />
      <item name="WebJars Support" href="webjars-support.html" />
      <item name="Override Jasmine Version" href="override-jasmine-version.html" />
   </menu>

   <menu ref="reports"/>

   <menu name="External Links">
     <item name="Jasmine Docs" href="http://jasmine.github.io/" />
     <item name="CoffeeScript Docs" href="http://coffeescript.org/" />
     <item name="Try Jasmine in your browser" href="http://try-jasmine.heroku.com/" />
   </menu>

  </body>
</project>
